Feature,Importance
soil_moisture,0.22782152002615536
rainfall,0.21595134573839575
air_pressure,0.1950873742473998
wind_speed,0.19496811064430458
humidity,0.0890432305607616
temperature,0.077128418782983
